<?xml version="1.0" encoding="UTF-8"?>
<Experiments>
	<SimulationExperiment ActiveObjectClassId="1750644707728">
		<Id>1750644707736</Id>
		<Name><![CDATA[Simulation]]></Name>
		<CommandLineArguments/>
		<MaximumMemory>512</MaximumMemory>
		<RandomNumberGenerationType>fixedSeed</RandomNumberGenerationType>
		<CustomGeneratorCode>new Random()</CustomGeneratorCode>
		<SeedValue>1</SeedValue>
		<SelectionModeForSimultaneousEvents>LIFO</SelectionModeForSimultaneousEvents>
		<VmArgs/>
		<LoadRootFromSnapshot>false</LoadRootFromSnapshot>
		<Presentation>
			<Text>
				<Id>1750644707738</Id>
				<Name><![CDATA[text]]></Name>
				<X>50</X>
				<Y>30</Y>
				<Label>
					<X>10</X>
					<Y>0</Y>
				</Label>
				<PublicFlag>true</PublicFlag>
				<PresentationFlag>true</PresentationFlag>
				<ShowLabel>false</ShowLabel>
				<DrawMode>SHAPE_DRAW_2D3D</DrawMode>
				<EmbeddedIcon>false</EmbeddedIcon>
				<Z>0</Z>
				<Rotation>0.0</Rotation>
				<Color>-12490271</Color>
				<Text><![CDATA[Crepas3D-1]]></Text>
				<Font>
					<Name><![CDATA[SansSerif]]></Name>
					<Size>24</Size>
					<Style>0</Style>
				</Font>
				<Alignment>LEFT</Alignment>
			</Text>
		</Presentation>
		<Parameters/>
		<PresentationProperties>
			<EnableZoomAndPanning>true</EnableZoomAndPanning>
			<ExecutionMode>realTimeScaled</ExecutionMode>
			<Title>Crepas3D-1 : Simulation</Title>
			<EnableDeveloperPanel>true</EnableDeveloperPanel>
			<ShowDeveloperPanelOnStart>false</ShowDeveloperPanelOnStart>
			<RealTimeScale>1.0</RealTimeScale>
		</PresentationProperties>
		<ModelTimeProperties>
			<StopOption>Never</StopOption>
			<InitialDate>1750636800000</InitialDate>
			<InitialTime>0.0</InitialTime>
			<FinalDate>1753228800000</FinalDate>
			<FinalTime>100.0</FinalTime>
		</ModelTimeProperties>
		<BypassInitialScreen>true</BypassInitialScreen>
	</SimulationExperiment>
</Experiments>
